{
  "version" :"1.1",
  "download_url" : "nothing now",
  "required": "5.0",
  "tested" : "5.4",
  "requires_php" : "5.3",
  "last_updated" : "2020-04-21 11:08:00",
  "sections" : {
    "description": "This is the plugin to connect TijaraShop App to TijaraShop Wordpress",
    "instalation": "Upload the plugin, activate it and it's done, you also need to configure the plugin the first time",
    "changelog": "<h4>1.1 - 21 Avril 2020</h4><ul><li>Auto update directly from Wordpress Panel</li></ul><br><h4>1.0 - 16 Avril 2020</h4><ul><li>Add MVC mode</li><li>Edit Api</li><li>Edit perms model</li></ul>"
  }
}